The Framers on Peachtree,(404) 800-3309,Problem,2351 Peachtree Rd NEAtlanta; GA 30305,No address,zero,https://www.yellowpages.com/atlanta-ga/mip/the-framers-on-peachtree-567134217?lid=1002091560551
Fowler Design Associates Inc,(404) 592-8189,http://www.fowlerdesignassociates.com,1718 Peachtree St NW Ste 995Atlanta; GA 30309,mailto:contact@fowlerdesignassociates.com,zero,https://www.yellowpages.com/atlanta-ga/mip/fowler-design-associates-inc-451200581?lid=1002085759348
Bellini Baby & Teen Furniture-,(470) 231-3465,http://www.belliniofatlanta.com/index.html,5285 Roswell RdAtlanta; GA 30342,mailto:belliniga@att.net,zero,https://www.yellowpages.com/atlanta-ga/mip/bellini-baby-teen-furniture-9646329?lid=1001568366032
Luxor Interior Design & Custom Carpentry,(404) 354-0275,No website,201 17th St NWAtlanta; GA 30363,No address,zero,https://www.yellowpages.com/atlanta-ga/mip/luxor-interior-design-custom-carpentry-526513026?lid=1001493327579
Masterpiece Installation Services,(770) 901-2232,No website,2933 Amwiler CtAtlanta; GA 30360,mailto:masterpieceatl@hotmail.com,zero,https://www.yellowpages.com/atlanta-ga/mip/masterpiece-installation-services-8344564?lid=1002119131431
Chair Care Patio,(214) 638-6416,http://www.chaircarepatio.com,8700 Sovereign RowDallas; TX 75247,mailto:info@chaircarepatio.com,No star,https://www.yellowpages.com/dallas-tx/mip/chair-care-patio-330492?lid=1001350168029
Bridgette Boylan Interiors,(770) 447-5800,http://www.boylaninteriors.com,4006 Holcomb Bridge RdPeachtree Corners; GA 30092,mailto:erica@boylaninteriors.com,zero,https://www.yellowpages.com/peachtree-corners-ga/mip/bridgette-boylan-interiors-8959896?lid=1000557843568
The Framers on Peachtree,(404) 800-3309,Problem,2351 Peachtree Rd NEAtlanta; GA 30305,No address,zero,https://www.yellowpages.com/atlanta-ga/mip/the-framers-on-peachtree-567134217?lid=1002091560551
Habachy Designs Inc,(404) 220-7597,http://www.habachydesigns.com,434 Marietta St NW Apt 406Atlanta; GA 30313,mailto:info@habachydesigns.com,zero,https://www.yellowpages.com/atlanta-ga/mip/habachy-designs-inc-27161952
C Weaks Interiors,(404) 233-6040,http://www.cweaksint.com,349 Peachtree Hills Ave NEAtlanta; GA 30305,mailto:mbarker@mindspring.com,zero,https://www.yellowpages.com/atlanta-ga/mip/c-weaks-interiors-459239340
Veenendaalcave Inc,(404) 881-1811,http://www.vcave.com,1170 Peachtree St NEAtlanta; GA 30309,mailto:edcave@vcave.com,zero,https://www.yellowpages.com/atlanta-ga/mip/veenendaalcave-inc-467731174
Justin Lowery Design,(888) 243-2384,No website,390 Stovall St SE Unit 1106Atlanta; GA 30316,No address,zero,https://www.yellowpages.com/atlanta-ga/mip/justin-lowery-design-472808515
Hughes Litton & Godwin,(404) 892-7782,No website,1170 Peachtree St NE Ste 225Atlanta; GA 30309,No address,zero,https://www.yellowpages.com/atlanta-ga/mip/hughes-litton-godwin-22639683
Stanley Ellis Inc,(404) 872-5510,No website,145 15th St NEAtlanta; GA 30309,mailto:stanleyellis@bellsouth.net,zero,https://www.yellowpages.com/atlanta-ga/mip/stanley-ellis-inc-16550449
jgid Inc.,(877) 314-1989,No website,1192 Huff Rd NW Ste 4Atlanta; GA 30318,No address,zero,https://www.yellowpages.com/atlanta-ga/mip/jgid-inc-11968360
Peace Design Inc,(404) 237-8681,http://www.peacedesign.com,349 Peachtree Hills Ave NEAtlanta; GA 30305,mailto:info@peacedesign.org,zero,https://www.yellowpages.com/atlanta-ga/mip/peace-design-inc-311416
J Nelson Inc,(404) 477-2225,http://www.jnelsoninc.com,351 Peachtree Hills Ave NEAtlanta; GA 30305,No address,zero,https://www.yellowpages.com/atlanta-ga/mip/j-nelson-inc-467355156
Robert Brown Interior Design,(404) 917-1333,http://www.robertbrownid.com,425 Peachtree Hills Ave NEAtlanta; GA 30305,mailto:hello@robertbrownid.com,zero,https://www.yellowpages.com/atlanta-ga/mip/robert-brown-interior-design-20320022
Mallory Mathison Inc,(404) 816-3860,http://www.mallorymathison.com,452 E Paces Ferry Rd NEAtlanta; GA 30305,mailto:mallory@mallorymathison.com,zero,https://www.yellowpages.com/atlanta-ga/mip/mallory-mathison-inc-741999
Tillman Long Interiors,(404) 467-0340,https://www.tillmanlonginteriors.com/contact,3179 Maple Dr NEAtlanta; GA 30305,mailto:natalie.tillmanlongints@gmail.com,zero,https://www.yellowpages.com/atlanta-ga/mip/tillman-long-interiors-465772617
McLean Patricia Interiors Inc,(404) 266-9772,https://www.mcleaninteriors.com/contact,3179 Maple Dr NEAtlanta; GA 30305,mailto:mcleanints@aol.com,zero,https://www.yellowpages.com/atlanta-ga/mip/mclean-patricia-interiors-inc-8467660
Des Syn Inc,(404) 365-8131,https://www.des-syn.com,26 E Andrews Dr NWAtlanta; GA 30305,No address,zero,https://www.yellowpages.com/atlanta-ga/mip/des-syn-inc-452312835
Home Staging Services,(404) 333-8728,No website,1266 W Paces Ferry Rd NW Ste 267Atlanta; GA 30327,mailto:HomeStagerAtl@gmail.com,zero,https://www.yellowpages.com/atlanta-ga/mip/home-staging-services-472316295
Jackie Naylor Interiors Inc,(404) 814-1973,No website,4287 Glengary Dr NEAtlanta; GA 30342,No address,zero,https://www.yellowpages.com/atlanta-ga/mip/jackie-naylor-interiors-inc-1363959
Decor & You,(404) 633-3545,http://www.decorandyou.com,2527 Brookline Cir NEAtlanta; GA 30319,mailto:TedJurek@decorandyou.com,zero,https://www.yellowpages.com/atlanta-ga/mip/decor-you-458842862
Sims Patrick Studio,(404) 261-6043,http://www.simspatrickstudio.com,267 W Wieuca Rd NEAtlanta; GA 30342,No address,zero,https://www.yellowpages.com/atlanta-ga/mip/sims-patrick-studio-6585969
Wegman Interiors,(404) 731-1100,No website,1087 Riverbend Club Dr SEAtlanta; GA 30339,No address,zero,https://www.yellowpages.com/atlanta-ga/mip/wegman-interiors-481135666
Nandina Home & Design,(404) 521-9303,http://nandinahome.com,245 N Highland Ave NEAtlanta; GA 30307,mailto:tfarina@nandinahome.com,five,https://www.yellowpages.com/atlanta-ga/mip/nandina-home-design-456509118
Interior Classics,(678) 464-5975,http://www.interiorclassics.net,690 Miami Cir NEAtlanta; GA 30324,mailto:jeff@interiorclassics.net,five,https://www.yellowpages.com/atlanta-ga/mip/interior-classics-523979258
Bocroom,(404) 748-1350,http://www.bocroom.com,4609 Wieuca Rd NEAtlanta; GA 30342,No address,five,https://www.yellowpages.com/atlanta-ga/mip/bocroom-527980526
Dream Room Designs,(678) 390-2820,http://dreamroomdesigns.com,2897 N Druid Hills Rd NE Suite 189Atlanta; GA 30329,mailto:cmatthews@dreamroomdesigns.com,five,https://www.yellowpages.com/atlanta-ga/mip/dream-room-designs-22485006
David Long Interiors,(770) 395-9196,http://davidlonginteriors.com/contact-us,1710 Manhasset PlAtlanta; GA 30338,mailto:davidlonginteriors@gmail.com,five,https://www.yellowpages.com/atlanta-ga/mip/david-long-interiors-482081578
Terry Taylor Custom Interiors,(404) 352-1893,No website,2110 Peachtree Rd NWAtlanta; GA 30309,No address,twohalf,https://www.yellowpages.com/atlanta-ga/mip/terry-taylor-custom-interiors-4972981
Suzanne Kasler Interiors,(404) 846-3216,http://suzannekasler.com/contact,425 Peachtree Hills Ave NEAtlanta; GA 30305,mailto:hello@suzannekasler.com,four,https://www.yellowpages.com/atlanta-ga/mip/suzanne-kasler-interiors-9678555
A-R-T & Associates,(855) 348-7349,http://www.artandassociates.com,2337 Perimeter Park Dr Ste 220Atlanta; GA 30341,mailto:info@artandassociates.com,zero,https://www.yellowpages.com/atlanta-ga/mip/a-r-t-associates-504101935
Hillsman Inc.,(678) 608-3098,http://www.hillsmaninc.com,870 Northside Dr NWAtlanta; GA 30318,mailto:info@hillsmaninc.com,No star,https://www.yellowpages.com/atlanta-ga/mip/hillsman-inc-481239440
M One Design Group,(404) 475-2517,No website,260 Peachtree St NWAtlanta; GA 30303,mailto:m1onedesigngroup@gmail.com,zero,https://www.yellowpages.com/atlanta-ga/mip/m-one-design-group-544278492
Mark Sunderland Interiors,(404) 274-5091,No website,792 Verner St NWAtlanta; GA 30318,No address,zero,https://www.yellowpages.com/atlanta-ga/mip/mark-sunderland-interiors-503061030
Beth Webb Interiors,(404) 869-6367,http://bethwebb.com,425 Peachtree Hills Ave NEAtlanta; GA 30305,mailto:hello@bethwebb.com,zero,https://www.yellowpages.com/atlanta-ga/mip/beth-webb-interiors-467520881
Custom Home Gyms,(678) 472-3719,http://www.customgymsonline.com,65 Abington Ct NWAtlanta; GA 30327,mailto:DesignerServices@customgymsonline.com,zero,https://www.yellowpages.com/atlanta-ga/mip/custom-home-gyms-8399077
Etalon Studio,(470) 399-3217,No website,3535 Peachtree Rd NE; Ste 520-271Atlanta; GA 30326,No address,zero,https://www.yellowpages.com/atlanta-ga/mip/etalon-studio-528765648
Interior Philosophy,(404) 851-0047,https://www.interiorphilosophy.com/contact-us,4411 Roswell Rd NEAtlanta; GA 30342,mailto:jessica@interiorphilosophy.com,zero,https://www.yellowpages.com/atlanta-ga/mip/interior-philosophy-11746578
Melanie Turner Interior,(404) 250-0134,http://www.melanieturnerinteriors.com,130 W Wieuca Rd NE Ste 209Atlanta; GA 30342,No address,zero,https://www.yellowpages.com/atlanta-ga/mip/melanie-turner-interior-497226461
Rubio Design STUDIO,(770) 661-1492,http://www.rjtplusr.com,300 Galleria Pkwy SE Ste 740Atlanta; GA 30339,No address,zero,https://www.yellowpages.com/atlanta-ga/mip/rubio-design-studio-465053022
Level 5,(404) 761-0008,http://www.level5.com,2018 Powers Ferry Rd SE Suite 750Atlanta; GA 30339,mailto:web@level5.com,zero,https://www.yellowpages.com/atlanta-ga/mip/level-5-495680722
BoldForm Designs,(818) 462-3724,http://www.boldformdesigns.com/index.php,102 Beverly PlAtlanta; GA 30328,No address,zero,https://www.yellowpages.com/atlanta-ga/mip/boldform-designs-521995543
November Interiors,(770) 595-1782,http://www.novemberinteriors.com,5865 Greenbrier Rd NEAtlanta; GA 30328,mailto:Cathey@novemberinteriors.com,zero,https://www.yellowpages.com/atlanta-ga/mip/november-interiors-544303068
Karlus Concept LLC,(509) 424-2832,No website,70 Perimeter Ctr E Unit 1505Atlanta; GA 30346,mailto:Karlandreasen@Karlusconcept.com,zero,https://www.yellowpages.com/atlanta-ga/mip/karlus-concept-llc-548284316
Pineapple House Interior Design,(404) 897-5551,https://pineapplehouse.com,3595 Mccall PlAtlanta; GA 30340,mailto:agizzi@pineapplehouse.com,zero,https://www.yellowpages.com/atlanta-ga/mip/pineapple-house-interior-design-551289629
De-clutter & DÃ©cor,(770) 634-3080,http://www.declutterdecor.com,1510 Trotters CVAtlanta; GA 30338,mailto:info@declutterdecor.com,zero,https://www.yellowpages.com/atlanta-ga/mip/de-clutter-dcor-511985431
Living Interior By Ridge Inc,(770) 828-9521,http://www.livinginteriorsbyridge.com,8343 Roswell RdAtlanta; GA 30350,mailto:Livinginteriors@Bellsouth.Net,zero,https://www.yellowpages.com/atlanta-ga/mip/living-interior-by-ridge-inc-508673308
Stone Age Design,(678) 510-7500,http://www.stoneagedesigns.com,Peach Tree Hills Ave SteAtlanta; GA 30301,No address,zero,https://www.yellowpages.com/atlanta-ga/mip/stone-age-design-22204667
Visual Images Design Studio,(404) 202-9231,No website,300 Martin Luther King Jr Dr SE Apt 137Atlanta; GA 30312,mailto:visimage@bellsouth.net,zero,https://www.yellowpages.com/atlanta-ga/mip/visual-images-design-studio-459124321
Crush Interior Design,(206) 984-2132,No website,121 Luckie St NW Ste 100Atlanta; GA 30303,No address,zero,https://www.yellowpages.com/atlanta-ga/mip/crush-interior-design-474673070
Thomas Home Decors & Beyond,(404) 749-5059,No website,240 Peachtree St NWAtlanta; GA 30303,No address,zero,https://www.yellowpages.com/atlanta-ga/mip/thomas-home-decors-beyond-451254364
Decor Accent,(214) 658-7299,No website,240 Peachtree St NWAtlanta; GA 30303,No address,zero,https://www.yellowpages.com/atlanta-ga/mip/decor-accent-542193165
D And D Home Interiors,(404) 975-3562,No website,240 Peachtree St NWAtlanta; GA 30343,No address,zero,https://www.yellowpages.com/atlanta-ga/mip/d-and-d-home-interiors-556180653
InSight Design Interiors Inc,(404) 688-1900,No website,309 Highland Ave NEAtlanta; GA 30312,No address,zero,https://www.yellowpages.com/atlanta-ga/mip/insight-design-interiors-inc-5745541
Bo Unlimited,(404) 249-6363,http://www.bounlimited.com,120 Ralph McGill Blvd NEAtlanta; GA 30308,No address,zero,https://www.yellowpages.com/atlanta-ga/mip/bo-unlimited-1533285
Holt Interiors,(404) 351-5682,http://holt-interiors.com,659 Auburn Ave NEAtlanta; GA 30312,mailto:chris@holt-interiors.com,zero,https://www.yellowpages.com/atlanta-ga/mip/holt-interiors-8601987
Traci Rhodes Interiors,(404) 971-4423,http://www.trinteriors.net,112 Krog St NEAtlanta; GA 30307,No address,zero,https://www.yellowpages.com/atlanta-ga/mip/traci-rhodes-interiors-503884996
Reiner White Design Studio,(404) 600-4163,No website,130 Krog St NE Ste FAtlanta; GA 30307,No address,zero,https://www.yellowpages.com/atlanta-ga/mip/reiner-white-design-studio-495512306
Smith Boyd Interiors,(404) 589-1577,http://www.smithboydinteriors.com,455 Glen Iris Dr NEAtlanta; GA 30308,No address,zero,https://www.yellowpages.com/atlanta-ga/mip/smith-boyd-interiors-531620421
Mmi Designs,(404) 500-3972,No website,880 Glenwood Ave SE Ste EAtlanta; GA 30316,mailto:mmidesigns4u@yahoo.com,zero,https://www.yellowpages.com/atlanta-ga/mip/mmi-designs-502930113
Robin Gonzalez Interior Designer,(404) 585-0952,No website,880 Confederate Ave SEAtlanta; GA 30312,No address,zero,https://www.yellowpages.com/atlanta-ga/mip/robin-gonzalez-interior-designer-456469694
Black Sheep Interiors,(404) 622-9001,No website,466 Hamilton St SEAtlanta; GA 30316,No address,zero,https://www.yellowpages.com/atlanta-ga/mip/black-sheep-interiors-9079214
Traci Rhoads Interiors,(404) 971-4423,https://livebooks.com,640 Glen Iris Dr NEAtlanta; GA 30308,No address,zero,https://www.yellowpages.com/atlanta-ga/mip/traci-rhoads-interiors-451736698
Insight,(404) 688-1900,https://insightinc.net,309 N Highland Ave NEAtlanta; GA 30307,mailto:info@insightinc.net,zero,https://www.yellowpages.com/atlanta-ga/mip/insight-502846862
Douglas Weiss Interiors,(404) 659-8464,http://www.douglasweiss.com,952 Euclid Ave NEAtlanta; GA 30307,mailto:doug@douglasweiss.com,zero,https://www.yellowpages.com/atlanta-ga/mip/douglas-weiss-interiors-451990251
Cg Creative Interiors,(404) 518-1432,http://www.cgcreativeinteriors.com,828 Ralph Mcgill Blvd NE Apt 312Atlanta; GA 30306,mailto:cgcreative@mac.com,zero,https://www.yellowpages.com/atlanta-ga/mip/cg-creative-interiors-23295705
Clay Snider Interiors,(404) 541-9495,No website,397 7th St NEAtlanta; GA 30308,No address,zero,https://www.yellowpages.com/atlanta-ga/mip/clay-snider-interiors-7207782
Sew Unique Inc,(404) 699-1323,No website,Po Box 310736Atlanta; GA 31131,No address,zero,https://www.yellowpages.com/atlanta-ga/mip/sew-unique-inc-1226824
Sherry McLoon Interior Design,(404) 377-6454,No website,PO Box 19139Atlanta; GA 31126,No address,zero,https://www.yellowpages.com/atlanta-ga/mip/sherry-mcloon-interior-design-16329394
Home Styles,(404) 629-0922,No website,Po Box 771Atlanta; GA 30301,No address,zero,https://www.yellowpages.com/atlanta-ga/mip/home-styles-477865425
ADM Associates Inc,(404) 873-2811,http://www.admbuys.com,960 Piedmont Ave NEAtlanta; GA 30309,mailto:adm@admbuys.com,zero,https://www.yellowpages.com/atlanta-ga/mip/adm-associates-inc-7665293
Cliff Just Inc,(404) 307-9269,http://www.stonemountaingeorgiahomes.com,575 Linwood Ave NEAtlanta; GA 30306,mailto:cliff@justcliff.com,zero,https://www.yellowpages.com/atlanta-ga/mip/cliff-just-inc-454075893
Interiors Market,(404) 352-0055,No website,Peachtree St NEAtlanta; GA 30309,No address,zero,https://www.yellowpages.com/atlanta-ga/mip/interiors-market-467819379
Been There Done That Interior Designer,(404) 478-6735,No website,931 Monroe Dr NE Ste 243Atlanta; GA 30308,mailto:beentheredonethatacctg@gmail.com,zero,https://www.yellowpages.com/atlanta-ga/mip/been-there-done-that-interior-designer-485902364
Strata,(404) 549-2420,No website,1000 Marietta St NWAtlanta; GA 30318,No address,zero,https://www.yellowpages.com/atlanta-ga/mip/strata-532705035
ATI Designs,(470) 355-0187,http://balancedesignatlanta.com,1165 Mclendon Ave NEAtlanta; GA 30307,mailto:Stephanie@balancedesignatlanta.com,zero,https://www.yellowpages.com/atlanta-ga/mip/ati-designs-497638224
The Hidden Valley Designs,(404) 309-7259,No website,1175 Sylvan Rd SWAtlanta; GA 30310,No address,No star,https://www.yellowpages.com/atlanta-ga/mip/the-hidden-valley-designs-502833971
Donna,(404) 449-3103,No website,1100 Peachtree St NE Ste 250Atlanta; GA 30309,mailto:slleekdesignsbydonna@gmail.com,zero,https://www.yellowpages.com/atlanta-ga/mip/donna-464545553
Chase Interiors,(404) 688-3232,No website,484 Moreland Ave NEAtlanta; GA 30307,No address,zero,https://www.yellowpages.com/atlanta-ga/mip/chase-interiors-541000552
Mmi Design,(678) 732-0309,No website,969 Saint Charles Ave NEAtlanta; GA 30306,No address,zero,https://www.yellowpages.com/atlanta-ga/mip/mmi-design-507055614
C SW Interiors,(404) 518-5137,No website,662 11th St NWAtlanta; GA 30318,mailto:cswinteriors@bellsouth.net,zero,https://www.yellowpages.com/atlanta-ga/mip/c-sw-interiors-15987995
Hendrick Inc,(404) 261-9383,http://www.hendrickinc.com,1201 Peachtree St NEAtlanta; GA 30361,No address,zero,https://www.yellowpages.com/atlanta-ga/mip/hendrick-inc-467288266
Campus Life and Style,(404) 961-8800,No website,1101 Northside Dr NWAtlanta; GA 30318,No address,zero,https://www.yellowpages.com/atlanta-ga/mip/campus-life-and-style-562545022
TVS Interiors Inc,(404) 888-6600,http://www.tvsdesign.com,1230 Peachtree St NEAtlanta; GA 30309,mailto:rong@pbigroup.com,zero,https://www.yellowpages.com/atlanta-ga/mip/tvs-interiors-inc-472661262
RUPERTZ Interiors,(404) 806-0911,No website,568 14th St NW Ste 100Atlanta; GA 30318,No address,zero,https://www.yellowpages.com/atlanta-ga/mip/rupertz-interiors-457900428
Veenendaal Cave Inc,(404) 881-1811,http://www.vcave.com,1275 Peachtree St NEAtlanta; GA 30309,No address,zero,https://www.yellowpages.com/atlanta-ga/mip/veenendaal-cave-inc-507186291
Platinum ID,(404) 641-6662,No website,887 W Marietta St NW Ste GAtlanta; GA 30318,mailto:platinuminteriordesigns@gmail.com,zero,https://www.yellowpages.com/atlanta-ga/mip/platinum-id-481125282
Maison Atlanta,(404) 892-3553,No website,1100 Howell Mill Rd NW Ste 170Atlanta; GA 30318,No address,zero,https://www.yellowpages.com/atlanta-ga/mip/maison-atlanta-457133450
Found Market,(678) 973-2789,http://www.foundmarket.com/site/contact-us,116 Lafayette Dr NEAtlanta; GA 30309,No address,zero,https://www.yellowpages.com/atlanta-ga/mip/found-market-460137596
Miles Design; Inc.,(404) 271-2123,No website,1327 Peachtree St NE Apt 703Atlanta; GA 30309,No address,zero,https://www.yellowpages.com/atlanta-ga/mip/miles-design-inc-515845850
HFC Interiors,(678) 974-5073,https://hfcinteriors.com/contact,1200 Foster St NWAtlanta; GA 30318,No address,zero,https://www.yellowpages.com/atlanta-ga/mip/hfc-interiors-496014650
Van Dresser Co,(404) 237-1895,https://www.vdcid.com,500 Bishop St NWAtlanta; GA 30318,No address,zero,https://www.yellowpages.com/atlanta-ga/mip/van-dresser-co-541789837
Farrington Design Group,(404) 836-3000,http://www.farrington.com,1447 Peachtree St NE Ste 180Atlanta; GA 30309,mailto:HR@farrington.com,zero,https://www.yellowpages.com/atlanta-ga/mip/farrington-design-group-469473323
The Belding Group,(404) 794-7944,http://www.beldinggroup.net,991 Rice St NWAtlanta; GA 30318,No address,zero,https://www.yellowpages.com/atlanta-ga/mip/the-belding-group-2140872
Bryan Alan Kirkland Design,(404) 350-3233,No website,912 Huff Rd NWAtlanta; GA 30318,No address,zero,https://www.yellowpages.com/atlanta-ga/mip/bryan-alan-kirkland-design-453118712
Brian Watford Interiors,(404) 228-4611,No website,1440 Dutch Valley Pl NE Ste 725Atlanta; GA 30324,No address,zero,https://www.yellowpages.com/atlanta-ga/mip/brian-watford-interiors-531877850
Domestic Bliss Interior Design,(404) 373-5913,No website,1 Lullwater Pl NEAtlanta; GA 30307,No address,zero,https://www.yellowpages.com/atlanta-ga/mip/domestic-bliss-interior-design-480792716
Two Peachtree Pointe Associates,(404) 872-2625,No website,1555 Peachtree St NEAtlanta; GA 30309,No address,zero,https://www.yellowpages.com/atlanta-ga/mip/two-peachtree-pointe-associates-2337323
Hirsch/Bedner & Associates,(404) 873-4379,http://www.hba.com,1555 Peachtree St NEAtlanta; GA 30309,mailto:ATLANTA@hbadesign.com,zero,https://www.yellowpages.com/atlanta-ga/mip/hirsch-bedner-associates-469527298
Rare Breed,(404) 993-9730,No website,1412 Eastland Rd SEAtlanta; GA 30316,No address,zero,https://www.yellowpages.com/atlanta-ga/mip/rare-breed-464313150
Made,(404) 350-0998,No website,1192 Huff Rd NWAtlanta; GA 30318,No address,zero,https://www.yellowpages.com/atlanta-ga/mip/made-467683322
Hearth & Home Interiors,(404) 367-0579,No website,1194 Huff Rd NWAtlanta; GA 30318,No address,zero,https://www.yellowpages.com/atlanta-ga/mip/hearth-home-interiors-27092903
Lagom Interiors,(404) 968-9317,https://lagominteriors.com/contact,1718 Peachtree St NWAtlanta; GA 30309,No address,zero,https://www.yellowpages.com/atlanta-ga/mip/lagom-interiors-496799863
Southern Exposure,(404) 875-2669,No website,1620 Piedmont Ave NEAtlanta; GA 30324,No address,zero,https://www.yellowpages.com/atlanta-ga/mip/southern-exposure-7832566
Mdm Home Interiors,(470) 427-3859,No website,1745 Peachtree St NEAtlanta; GA 30309,No address,zero,https://www.yellowpages.com/atlanta-ga/mip/mdm-home-interiors-546667523
Hfc Interiors,(678) 974-5073,No website,1429 Fairmont Ave NWAtlanta; GA 30318,No address,zero,https://www.yellowpages.com/atlanta-ga/mip/hfc-interiors-546035872
Heacker Interiors,(770) 847-8222,No website,749 Antone St NWAtlanta; GA 30318,No address,zero,https://www.yellowpages.com/atlanta-ga/mip/heacker-interiors-27103173
E Lawrence LTD,(404) 355-9226,No website,1537 Howell Mill Rd NWAtlanta; GA 30318,No address,zero,https://www.yellowpages.com/atlanta-ga/mip/e-lawrence-ltd-509467383
Kim Brown Interiors,(404) 898-9104,https://www.facebook.com/pages/Kim-Brown-Interiors/165774333451051,1566 N Morningside Dr NEAtlanta; GA 30306,No address,zero,https://www.yellowpages.com/atlanta-ga/mip/kim-brown-interiors-469074598
Apropos Designs Inc,(404) 233-7401,No website,1559 N Morningside Dr NEAtlanta; GA 30306,No address,zero,https://www.yellowpages.com/atlanta-ga/mip/apropos-designs-inc-460737474
Carson Guest Inc,(404) 873-3663,http://www.carsonguest.com,1776 Peachtree St NWAtlanta; GA 30309,mailto:mmccorvey@cyberstarts.com,zero,https://www.yellowpages.com/atlanta-ga/mip/carson-guest-inc-4919740
Cook; Bill,(404) 874-4934,No website,1801 Friar Tuck Rd NEAtlanta; GA 30309,No address,zero,https://www.yellowpages.com/atlanta-ga/mip/cook-bill-11318373
Vermilion Designs,(404) 874-4934,http://www.vermiliondesignsinteriors.com,1801 Friar Tuck Rd NEAtlanta; GA 30309,No address,zero,https://www.yellowpages.com/atlanta-ga/mip/vermilion-designs-454069000
Angelfire Design,(404) 377-2434,No website,1092 Springdale Rd NEAtlanta; GA 30306,No address,zero,https://www.yellowpages.com/atlanta-ga/mip/angelfire-design-27244594
Laura Wall Interior Design,(404) 378-5771,No website,1048 Oakdale Rd NEAtlanta; GA 30307,mailto:lwid@bellsouth.net,zero,https://www.yellowpages.com/atlanta-ga/mip/laura-wall-interior-design-7284065
T F Interiors T F Interiors,(404) 872-7068,No website,1683 N Rock Springs Rd NEAtlanta; GA 30324,No address,zero,https://www.yellowpages.com/atlanta-ga/mip/t-f-interiors-t-f-interiors-480792989
Susan Ferrier Interiors,(678) 705-7509,No website,1313 Briarcliff Rd NEAtlanta; GA 30306,No address,zero,https://www.yellowpages.com/atlanta-ga/mip/susan-ferrier-interiors-544462996
Forrester Linda Interiors,(404) 351-7983,No website,1884 Anjaco Rd NWAtlanta; GA 30309,No address,zero,https://www.yellowpages.com/atlanta-ga/mip/forrester-linda-interiors-27228275
Pittam Associates Inc,(404) 373-7375,http://www.pittamassociates.com,1295 N Decatur Rd NEAtlanta; GA 30306,mailto:studio278@aol.com,zero,https://www.yellowpages.com/atlanta-ga/mip/pittam-associates-inc-8363601
Natalie Walter Interiors,(404) 351-2054,No website,28 Collier Rd NWAtlanta; GA 30309,No address,zero,https://www.yellowpages.com/atlanta-ga/mip/natalie-walter-interiors-464550351
Pepper Interior Designs,(404) 622-3404,No website,1248 Kipling St SEAtlanta; GA 30315,No address,zero,https://www.yellowpages.com/atlanta-ga/mip/pepper-interior-designs-23213277
Esm Interiors Inc Esm Interiors Inc,(404) 352-9582,No website,138 Brighton Rd NEAtlanta; GA 30309,No address,zero,https://www.yellowpages.com/atlanta-ga/mip/esm-interiors-inc-esm-interiors-inc-482059369
June Price Interiors,(404) 364-0628,No website,225 Ottley Dr NEAtlanta; GA 30324,No address,zero,https://www.yellowpages.com/atlanta-ga/mip/june-price-interiors-507590739
Yvonne McFadden,(843) 267-7530,https://www.ymcfaddenllc.com,1500 Southland Cir NW Ste EAtlanta; GA 30318,No address,zero,https://www.yellowpages.com/atlanta-ga/mip/yvonne-mcfadden-547099025
F Erwin Beindorf Interiors,(404) 347-9173,No website,1240 Poplar Grove Dr NEAtlanta; GA 30306,No address,zero,https://www.yellowpages.com/atlanta-ga/mip/f-erwin-beindorf-interiors-464549015
Williams Mimi Interiors,(404) 355-0995,http://www.mimiwilliamsinteriors.com,2101 Tula St NWAtlanta; GA 30309,No address,zero,https://www.yellowpages.com/atlanta-ga/mip/williams-mimi-interiors-13828852
GraysonHarris Interiors + Design,(404) 633-9600,http://www.graysonharrisid.com,75 Bennett St NW Ste D1Atlanta; GA 30309,mailto:robert@graysonharrisid.com,zero,https://www.yellowpages.com/atlanta-ga/mip/graysonharris-interiors-design-547036480
H & L Design Inc,(404) 434-8358,No website,1991 Rockledge Rd NEAtlanta; GA 30324,No address,zero,https://www.yellowpages.com/atlanta-ga/mip/h-l-design-inc-464437131
Kendedes Home,(404) 380-1708,http://www.kendedeshome.com,2055 Piedmont Rd NEAtlanta; GA 30324,No address,zero,https://www.yellowpages.com/atlanta-ga/mip/kendedes-home-520841048
Essary & Murphy Inc,(404) 609-9091,No website,200 Colonial Homes Dr NWAtlanta; GA 30309,mailto:essary@bellsouth.net,zero,https://www.yellowpages.com/atlanta-ga/mip/essary-murphy-inc-459541291
Christians Interior Sys,(404) 355-0230,No website,10 Spring Lake Pl NWAtlanta; GA 30318,No address,zero,https://www.yellowpages.com/atlanta-ga/mip/christians-interior-sys-27212928
CMI Designs Inc,(706) 529-9070,No website,800 Lambert Dr NEAtlanta; GA 30324,No address,zero,https://www.yellowpages.com/atlanta-ga/mip/cmi-designs-inc-19779108
G Underwood Design Inc,(404) 233-1395,http://www.gunderwood.com,137 Mobile Ave NEAtlanta; GA 30305,No address,zero,https://www.yellowpages.com/atlanta-ga/mip/g-underwood-design-inc-27212745
Perfection Professional Institute Inc,(404) 351-3223,http://perfectioninstallation.com,1530 Carroll Dr NWAtlanta; GA 30318,No address,zero,https://www.yellowpages.com/atlanta-ga/mip/perfection-professional-institute-inc-6662223
Focus Design & Merchandising,(404) 350-2181,https://focusdesigninteriors.com,1159 Logan Cir NWAtlanta; GA 30318,mailto:info@focusdesigninteriors.com,zero,https://www.yellowpages.com/atlanta-ga/mip/focus-design-merchandising-457654966
Catherine Wilson Interiors,(404) 228-7441,No website,1123 Zonolite Rd NEAtlanta; GA 30306,No address,zero,https://www.yellowpages.com/atlanta-ga/mip/catherine-wilson-interiors-541719153
Douglas Weiss Interiors,(404) 875-5544,http://www.douglasweiss.com,1145 Zonolite Pl NEAtlanta; GA 30306,No address,zero,https://www.yellowpages.com/atlanta-ga/mip/douglas-weiss-interiors-9154266
Bruce Baker Designs Jeffrey,(404) 351-1232,No website,115 Peachtree Memorial Dr NWAtlanta; GA 30309,No address,zero,https://www.yellowpages.com/atlanta-ga/mip/bruce-baker-designs-jeffrey-482971808
Jeffrey Bruce Baker Designs,(404) 351-1232,No website,1145 Zonolite Rd NEAtlanta; GA 30306,mailto:contact@jeffreybrucebaker.com,zero,https://www.yellowpages.com/atlanta-ga/mip/jeffrey-bruce-baker-designs-531389931
Century Designer Showroom,(404) 869-6768,http://www.centuryfurniture.com,351 Peachtree Hills Ave NE SUITE 212Atlanta; GA 30305,mailto:mycentury@centuryfurniture.com,zero,https://www.yellowpages.com/atlanta-ga/mip/century-designer-showroom-473303278
AMERICAN SOCIETY OF INTERIOR DESIGNERS,(404) 231-3938,http://ga.asid.org,351 Peachtree Hills Ave. NE Ste. 504AAtlanta; GA 30305,mailto:administrator@ga.asid.org,zero,https://www.yellowpages.com/atlanta-ga/mip/american-society-of-interior-designers-6053178
Huff-Dewberry,(404) 355-7600,http://www.huffdewberry.com/contact.html,2300 Peachtree Rd NWAtlanta; GA 30309,mailto:huffdewberry@bellsouth.net,zero,https://www.yellowpages.com/atlanta-ga/mip/huff-dewberry-13811766
Liza Bryan Interiors,(404) 848-0588,http://www.lizabryaninteriors.com,2300 Peachtree Rd NWAtlanta; GA 30309,No address,zero,https://www.yellowpages.com/atlanta-ga/mip/liza-bryan-interiors-469347173
Carlisle Etc,(404) 458-4392,No website,2300 Peachtree Rd NW Ste B206Atlanta; GA 30309,No address,zero,https://www.yellowpages.com/atlanta-ga/mip/carlisle-etc-520366052
Oetgen Design Inc,(404) 352-1112,http://www.oetgendesign.com,2300 Peachtree Rd NWAtlanta; GA 30309,No address,zero,https://www.yellowpages.com/atlanta-ga/mip/oetgen-design-inc-5723259
William Stewart Designs,(404) 816-8784,http://www.stewartmohrdesigns.com,349 Peachtree Hills Ave NEAtlanta; GA 30305,mailto:bmohr@stewartmohrdesigns.com,zero,https://www.yellowpages.com/atlanta-ga/mip/william-stewart-designs-8107307
Harmonious Living-Tish Mills,(404) 814-3838,https://www.harmoniousliving.net,349 Peachtree Hills Ave NEAtlanta; GA 30305,No address,zero,https://www.yellowpages.com/atlanta-ga/mip/harmonious-living-tish-mills-8322894
Travis & Co,(404) 237-5079,https://www.travisandcompany.com/contact,351 Peachtree Hills Ave NEAtlanta; GA 30305,mailto:sales@burkeen.com,zero,https://www.yellowpages.com/atlanta-ga/mip/travis-co-11589306
Jordan Spencer,(404) 846-8041,No website,351 Peachtree Hills Ave NE Ste 323Atlanta; GA 30305,No address,zero,https://www.yellowpages.com/atlanta-ga/mip/jordan-spencer-452207304
McAlpine Booth & Ferrier,(404) 501-9200,http://www.mcalpinehouse.com,351 Peachtree Hills Ave NE Ste 325Atlanta; GA 30305,No address,zero,https://www.yellowpages.com/atlanta-ga/mip/mcalpine-booth-ferrier-470035140
McLaurin Interiors,(404) 996-2985,No website,351 Peachtree Hills Ave NEAtlanta; GA 30305,No address,zero,https://www.yellowpages.com/atlanta-ga/mip/mclaurin-interiors-505948207
MBF Interiors,(404) 501-9200,No website,351 Peachtree Hills Ave NEAtlanta; GA 30305,No address,zero,https://www.yellowpages.com/atlanta-ga/mip/mbf-interiors-520736326
Shayelyn Woodbery Interiors,(404) 748-4364,No website,351 Peachtree Hills Ave NEAtlanta; GA 30305,No address,zero,https://www.yellowpages.com/atlanta-ga/mip/shayelyn-woodbery-interiors-546882660
AB Marnell,(404) 874-6400,http://americantradesman.com,244 E Lake Dr SEAtlanta; GA 30317,No address,zero,https://www.yellowpages.com/atlanta-ga/mip/ab-marnell-13185323
Liles Nickerson Interiors,(404) 351-9686,No website,434 Whitmore Dr NWAtlanta; GA 30305,No address,zero,https://www.yellowpages.com/atlanta-ga/mip/liles-nickerson-interiors-27291739
Interior Impressions,(404) 351-4100,No website,1483 Chattahoochee Ave NW Ste BAtlanta; GA 30318,No address,zero,https://www.yellowpages.com/atlanta-ga/mip/interior-impressions-3390808
Culpepper Interior Design,(404) 848-0178,No website,2395 Peachtree Rd NEAtlanta; GA 30305,No address,zero,https://www.yellowpages.com/atlanta-ga/mip/culpepper-interior-design-547675131
Black Sheep Interiors,(404) 622-9001,http://www.blacksheepinteriors.com,1360 Collier Rd NWAtlanta; GA 30318,No address,zero,https://www.yellowpages.com/atlanta-ga/mip/black-sheep-interiors-480111902
Decor Fifty-Five,(404) 355-6400,http://www.decorfiftyfive.com,1358 Collier Rd NWAtlanta; GA 30318,mailto:info@decorfiftyfive.com,zero,https://www.yellowpages.com/atlanta-ga/mip/decor-fifty-five-456060468
Luxury Lifestyles Design,(404) 254-4384,http://www.luxurylifestylesdesign.com,365 Peachtree Hills Ave NE Ste 205Atlanta; GA 30305,mailto:info@luxurylifestylesdesign.com,zero,https://www.yellowpages.com/atlanta-ga/mip/luxury-lifestyles-design-8718783
Liz Williams Interiors,(404) 816-9868,http://www.lizwilliamsinteriors.com,425 Peachtree Hills Ave NEAtlanta; GA 30305,No address,zero,https://www.yellowpages.com/atlanta-ga/mip/liz-williams-interiors-11708355
R David Craig Interior Design,(404) 270-9142,No website,425 Peachtree Hills Ave NE Ste 13Atlanta; GA 30305,No address,zero,https://www.yellowpages.com/atlanta-ga/mip/r-david-craig-interior-design-15095592
Liza Bryan Interiors,(404) 848-0588,No website,425 Peachtree Hills Ave NE Ste 29AAtlanta; GA 30305,No address,zero,https://www.yellowpages.com/atlanta-ga/mip/liza-bryan-interiors-17813264
K L McCall Interiors LTD,(404) 364-0628,No website,425 Peachtree Hills Ave NE Ste 3Atlanta; GA 30305,mailto:harney@ultranet.com,zero,https://www.yellowpages.com/atlanta-ga/mip/k-l-mccall-interiors-ltd-3680067
James Michael Howard Inc,(904) 389-5100,http://www.phoebehoward.net,425 Peachtree Hills Ave NEAtlanta; GA 30305,mailto:ahoward@jmhoward.net,zero,https://www.yellowpages.com/atlanta-ga/mip/james-michael-howard-inc-464229261
Jessica Bradley Interiors,(404) 846-3220,https://www.galleriesofpeachtreehills.com,425 Peachtree Hills Ave NE Ste 3Atlanta; GA 30305,No address,zero,https://www.yellowpages.com/atlanta-ga/mip/jessica-bradley-interiors-478431251
Townhouse by Robert Brown,(404) 917-1333,http://www.robertbrowninteriordesign.com,425 Peachtree Hills Ave NE Ste 32Atlanta; GA 30305,mailto:hello@robertbrownid.com,zero,https://www.yellowpages.com/atlanta-ga/mip/townhouse-by-robert-brown-528314528
Loft Interiors,(404) 221-0422,http://www.joelkelly.com,425 Peachtree Hills Ave NEAtlanta; GA 30305,No address,zero,https://www.yellowpages.com/atlanta-ga/mip/loft-interiors-542854977
Jenny Wood Interiors,(404) 609-7297,No website,4 Bohler Pt NWAtlanta; GA 30327,No address,zero,https://www.yellowpages.com/atlanta-ga/mip/jenny-wood-interiors-481556170
Miles Design; inc,(404) 271-2071,http://cbmiles.com,2500 Peachtree Rd NWAtlanta; GA 30305,No address,zero,https://www.yellowpages.com/atlanta-ga/mip/miles-design-inc-526738568
Courtney Giles Interiors,(404) 846-6570,http://www.courtneygiles.com,31 Muscogee Ave NW Apt 17Atlanta; GA 30305,No address,zero,https://www.yellowpages.com/atlanta-ga/mip/courtney-giles-interiors-27155373
Interior Concepts-Coral Gables,(404) 351-5650,No website,550 Manor Ridge Dr NWAtlanta; GA 30305,No address,zero,https://www.yellowpages.com/atlanta-ga/mip/interior-concepts-coral-gables-473293102
One Rutledge Interiors One Rutledge Interiors,(404) 352-3496,No website,2540 Dellwood Dr NWAtlanta; GA 30305,No address,zero,https://www.yellowpages.com/atlanta-ga/mip/one-rutledge-interiors-one-rutledge-interiors-27190141
Sims Jim,(404) 816-0200,No website,2575 Peachtree Rd NEAtlanta; GA 30305,mailto:bwornow@realtyfunding.com,zero,https://www.yellowpages.com/atlanta-ga/mip/sims-jim-1142972
Elliott Allen,(404) 600-2122,No website,396 Forrest Ridge Dr NWAtlanta; GA 30318,No address,zero,https://www.yellowpages.com/atlanta-ga/mip/elliott-allen-506186898
Rosenau Cthrine Brown Intrrs,(404) 365-0445,No website,2585 Birchwood Dr NEAtlanta; GA 30305,No address,zero,https://www.yellowpages.com/atlanta-ga/mip/rosenau-cthrine-brown-intrrs-27278796
David,(470) 875-5666,No website,1436 Stephens Dr NEAtlanta; GA 30329,No address,zero,https://www.yellowpages.com/atlanta-ga/mip/david-529324588
Eastlight Studio,(404) 402-6276,http://www.eastlightstudio.com,2660 Peachtree Rd NWAtlanta; GA 30305,mailto:george@estlightstudio.com,zero,https://www.yellowpages.com/atlanta-ga/mip/eastlight-studio-451742671
Nancy C Lynn Interiors Inc,(404) 233-1610,No website,2658 Rivers Rd NWAtlanta; GA 30305,No address,zero,https://www.yellowpages.com/atlanta-ga/mip/nancy-c-lynn-interiors-inc-27153528
Herndon Limited Inc,(404) 355-6488,http://www.herndoninteriors.com,2647 Dellwood Dr NWAtlanta; GA 30305,No address,zero,https://www.yellowpages.com/atlanta-ga/mip/herndon-limited-inc-451102329
Color Schemes,(404) 245-0906,No website,2656 Acorn Ave NEAtlanta; GA 30305,No address,zero,https://www.yellowpages.com/atlanta-ga/mip/color-schemes-451342264
Caudelle Furniture Specialists,(404) 352-9036,http://caudelle.com,1738 Macarthur Blvd NWAtlanta; GA 30318,No address,zero,https://www.yellowpages.com/atlanta-ga/mip/caudelle-furniture-specialists-473183946
S Mitchell Interiors,(404) 233-3512,http://www.smitchellinteriors.com,2734 Peachtree Rd NWAtlanta; GA 30305,No address,zero,https://www.yellowpages.com/atlanta-ga/mip/s-mitchell-interiors-459663889
Ginny Magher Interiors,(404) 231-3988,No website,650 Miami Cir NEAtlanta; GA 30324,No address,zero,https://www.yellowpages.com/atlanta-ga/mip/ginny-magher-interiors-15417583
Williams Liz Interiors,(404) 816-9868,http://www.lizwilliamsinteriors.com,690 Miami Cir NE Ste 700Atlanta; GA 30324,mailto:info@lizwilliamsinteriors.com,zero,https://www.yellowpages.com/atlanta-ga/mip/williams-liz-interiors-470231704
Edwards Gilstrap,(404) 869-4401,http://gilstrapedwards.com,690 Miami Cir NEAtlanta; GA 30324,No address,zero,https://www.yellowpages.com/atlanta-ga/mip/edwards-gilstrap-470440909
Darcie Adler Design,(404) 247-5665,http://www.darcieadler.com,428 Brentwood Dr NEAtlanta; GA 30305,No address,zero,https://www.yellowpages.com/atlanta-ga/mip/darcie-adler-design-472021871
Henson & Henson Home,(404) 949-9690,No website,741 Miami Cir NEAtlanta; GA 30324,No address,zero,https://www.yellowpages.com/atlanta-ga/mip/henson-henson-home-10973590
S G Interiors,(678) 571-8848,No website,2110 Pine Heights Dr NEAtlanta; GA 30324,No address,zero,https://www.yellowpages.com/atlanta-ga/mip/s-g-interiors-473300441
Exclusive 30A,(844) 782-9302,http://www.exclusive30a.com,2870 Peachtree Rd NWAtlanta; GA 30305,No address,zero,https://www.yellowpages.com/atlanta-ga/mip/exclusive-30a-512575421
Dario Associates,(470) 355-4952,http://www.darioassociates.com,2691 Rivers Edge Dr NEAtlanta; GA 30324,No address,zero,https://www.yellowpages.com/atlanta-ga/mip/dario-associates-490340957
Settle - Design,(404) 583-9284,http://www.settle-design.com,800 Miami Cir NE Ste 100Atlanta; GA 30324,mailto:settle-design@outlook.com,zero,https://www.yellowpages.com/atlanta-ga/mip/settle-design-507470433
Ashton Trente Interiors,(404) 264-1155,http://trenteashtoninteriors.com,2968 Hardman Ct NEAtlanta; GA 30305,No address,zero,https://www.yellowpages.com/atlanta-ga/mip/ashton-trente-interiors-505262484
Vaughn Connerty Interiors,(404) 228-3550,No website,2996 Grandview Ave NEAtlanta; GA 30305,No address,zero,https://www.yellowpages.com/atlanta-ga/mip/vaughn-connerty-interiors-535701507
Leach Reach and Associates Inc,(404) 816-0085,No website,318 Pharr Rd NEAtlanta; GA 30305,No address,zero,https://www.yellowpages.com/atlanta-ga/mip/leach-reach-and-associates-inc-455660874
Westbrook Interiors,(404) 355-7698,http://westbrookinteriors.com,2991 Hardman Ct NEAtlanta; GA 30305,No address,zero,https://www.yellowpages.com/atlanta-ga/mip/westbrook-interiors-15602253
Claudia Aquino,(404) 343-3587,No website,6 Arden Moor NWAtlanta; GA 30305,No address,zero,https://www.yellowpages.com/atlanta-ga/mip/claudia-aquino-475536719
Siematic,(404) 567-5320,http://www.siematic-atlanta.com,3050 Peachtree Rd NW Ste 145Atlanta; GA 30305,No address,zero,https://www.yellowpages.com/atlanta-ga/mip/siematic-19390702
Signature Cabinetry & Design,(404) 433-4355,http://www.signaturecabinetry.net,455 E Paces Ferry Rd NE Ste 325Atlanta; GA 30305,mailto:molsen@signaturecabinetry.net,zero,https://www.yellowpages.com/atlanta-ga/mip/signature-cabinetry-design-559682117
Jacquelynne P Lanham & Associates,(404) 364-0472,http://www.jackyelanham.com,472 E Paces Ferry Rd NEAtlanta; GA 30305,No address,zero,https://www.yellowpages.com/atlanta-ga/mip/jacquelynne-p-lanham-associates-9170417
Maison Atlanta,(404) 892-3553,No website,414 E Paces Ferry Rd NEAtlanta; GA 30305,No address,zero,https://www.yellowpages.com/atlanta-ga/mip/maison-atlanta-469432975
White Virginia Interiors,(404) 233-0351,No website,3081 W Pine Valley Rd NWAtlanta; GA 30305,No address,zero,https://www.yellowpages.com/atlanta-ga/mip/white-virginia-interiors-27231300
Patsy Downs ASID Interior Design,(770) 813-8059,No website,3087 Peachtree North CtAtlanta; GA 30338,No address,zero,https://www.yellowpages.com/atlanta-ga/mip/patsy-downs-asid-interior-design-539682382
Christine Eisner Interiors,(404) 365-8026,No website,3136 Andrews Dr NWAtlanta; GA 30305,No address,zero,https://www.yellowpages.com/atlanta-ga/mip/christine-eisner-interiors-27231622
Kevin Hall; Inc.,(470) 233-0233,http://www.kevinhallinc.com,2899 N Druid Hills Rd NEAtlanta; GA 30329,mailto:kevin@kevinhallinc.com,zero,https://www.yellowpages.com/atlanta-ga/mip/kevin-hall-inc-519565547
The Van Dresser Company,(404) 237-1895,No website,3121 Maple Dr NEAtlanta; GA 30305,No address,zero,https://www.yellowpages.com/atlanta-ga/mip/the-van-dresser-company-453047197
Margaret Long Designs; Inc.,(404) 794-7038,http://www.margaretlongdesigns.com,2221 Bolton Rd NWAtlanta; GA 30318,mailto:margaret@margaretlongdesigns.com,zero,https://www.yellowpages.com/atlanta-ga/mip/margaret-long-designs-inc-27285078
Helen Margeson Interiors,(404) 355-9680,No website,2998 Devonshire Pl NWAtlanta; GA 30327,No address,zero,https://www.yellowpages.com/atlanta-ga/mip/helen-margeson-interiors-27287460
Glenn Epting Interior Design Inc,(404) 842-9772,http://www.glennepting.com,3133 Maple Dr NEAtlanta; GA 30305,mailto:info@glennepting.com,zero,https://www.yellowpages.com/atlanta-ga/mip/glenn-epting-interior-design-inc-466554864
Stuart Pilner Design,(470) 645-3271,http://www.stuartplinerdesign.com,3133 Maple Dr NE Ste 220Atlanta; GA 30305,mailto:info@stuartplinerdesign.com,zero,https://www.yellowpages.com/atlanta-ga/mip/stuart-pilner-design-560268762
Garrison Jerome Interior Design,(404) 231-3675,No website,3133 Maple Dr NEAtlanta; GA 30305,No address,zero,https://www.yellowpages.com/atlanta-ga/mip/garrison-jerome-interior-design-6041993
Classic Interiors,(949) 833-2433,No website,3108 Piedmont Rd NE Ste 203Atlanta; GA 30305,mailto:ccruttenden@netchemistry.com,zero,https://www.yellowpages.com/atlanta-ga/mip/classic-interiors-515918815
Barry Evan Russ Design,(404) 233-6991,http://www.barryevanruss.com,110 E Andrews Dr NWAtlanta; GA 30305,No address,zero,https://www.yellowpages.com/atlanta-ga/mip/barry-evan-russ-design-481280127
David Inc,(404) 237-1634,http://www.avimarvin.com,3150 Piedmont Rd NEAtlanta; GA 30305,mailto:DWaehner@thedavidsalon.com,zero,https://www.yellowpages.com/atlanta-ga/mip/david-inc-460579373
Shepherd Elizabeth,(404) 233-9390,http://www.shepherd.org,3165 Peachtree Dr NEAtlanta; GA 30305,No address,zero,https://www.yellowpages.com/atlanta-ga/mip/shepherd-elizabeth-451077141
Holt Interiors,(404) 351-5682,https://www.holt-interiors.com,18 E Andrews Dr NWAtlanta; GA 30305,No address,zero,https://www.yellowpages.com/atlanta-ga/mip/holt-interiors-497805017
Gary Gay Decorations,(404) 846-1707,No website,3263 Roswell Rd NEAtlanta; GA 30305,No address,zero,https://www.yellowpages.com/atlanta-ga/mip/gary-gay-decorations-477377523
Andrea Henzlik Design,(404) 565-0790,No website,3273 Roswell Rd NEAtlanta; GA 30305,No address,zero,https://www.yellowpages.com/atlanta-ga/mip/andrea-henzlik-design-519100420
Malone Carolyn Interiors,(404) 264-9509,No website,3277 Roswell Rd NE Ste CAtlanta; GA 30305,No address,zero,https://www.yellowpages.com/atlanta-ga/mip/malone-carolyn-interiors-5343167
Nancy Mitchell & Co,(404) 233-5881,No website,3314 W Andrews Dr NWAtlanta; GA 30305,No address,zero,https://www.yellowpages.com/atlanta-ga/mip/nancy-mitchell-co-10190572
B Kendall Interiors B Kendall Interiors,(404) 841-9381,No website,11 Park Cir NEAtlanta; GA 30305,No address,zero,https://www.yellowpages.com/atlanta-ga/mip/b-kendall-interiors-b-kendall-interiors-27084816
Rite At Home,(404) 691-0550,https://riteathomeatlanta.com,3460 Cascade Rd SWAtlanta; GA 30311,mailto:info@riteathomeatlanta.com,zero,https://www.yellowpages.com/atlanta-ga/mip/rite-at-home-470424063
Lm Clarkson Interiors,(404) 351-3414,No website,1540 W Wesley Rd NWAtlanta; GA 30327,No address,zero,https://www.yellowpages.com/atlanta-ga/mip/lm-clarkson-interiors-27109910
Erika Ward Interiors,(404) 507-6110,http://www.erikaward.com,1035 Research Center Atlanta Dr SWAtlanta; GA 30331,No address,zero,https://www.yellowpages.com/atlanta-ga/mip/erika-ward-interiors-538001277
Mdh Interiors,(678) 973-2202,No website,1602 Hardin AveAtlanta; GA 30337,No address,zero,https://www.yellowpages.com/atlanta-ga/mip/mdh-interiors-527980546
Goodman Decorating Co.; Inc.,(404) 965-3626,http://www.thinkgoodman.com,3400 Atlanta Industrial Pkwy NWAtlanta; GA 30331,mailto:JMD@thinkgoodman.com,zero,https://www.yellowpages.com/atlanta-ga/mip/goodman-decorating-co-inc-473180711
Hendrick,(404) 261-9383,http://www.hendrickinc.com,3490 Piedmont Rd NEAtlanta; GA 30305,mailto:mdelano@hendrickinc.com,zero,https://www.yellowpages.com/atlanta-ga/mip/hendrick-503210898
Smith; Ryan B,(404) 846-3004,http://www.ryansmith-nm.com,950 E Paces Ferry Rd NEAtlanta; GA 30326,No address,zero,https://www.yellowpages.com/atlanta-ga/mip/smith-ryan-b-11115002
Transformed Troves,(404) 439-1329,No website,3379 Peachtree Rd NE Ste 555Atlanta; GA 30326,No address,zero,https://www.yellowpages.com/atlanta-ga/mip/transformed-troves-547684719
Hendricks Interior Design,(404) 261-9383,http://www.hendrickinc.com,3525 Piedmont Rd NE Bldg 8-300Atlanta; GA 30305,No address,zero,https://www.yellowpages.com/atlanta-ga/mip/hendricks-interior-design-459235055
Innvision,(678) 804-7175,http://www.innvision.net,3525 Piedmont Rd NEAtlanta; GA 30305,No address,zero,https://www.yellowpages.com/atlanta-ga/mip/innvision-482313370
Imperial Design,(404) 494-9880,No website,1225 Fairburn Rd SWAtlanta; GA 30331,No address,zero,https://www.yellowpages.com/atlanta-ga/mip/imperial-design-474546928
Creative Touch Interiors,(404) 349-1373,No website,3710 Atlanta Industrial Pkwy NW Ste FAtlanta; GA 30331,No address,zero,https://www.yellowpages.com/atlanta-ga/mip/creative-touch-interiors-465738907
Design Concepts,(404) 816-0643,No website,3365 W Paces Ferry Ct NWAtlanta; GA 30327,No address,zero,https://www.yellowpages.com/atlanta-ga/mip/design-concepts-464544421
PW Square; Inc.,(239) 248-0185,No website,3475 Oak Valley Rd NE Apt 210Atlanta; GA 30326,No address,zero,https://www.yellowpages.com/atlanta-ga/mip/pw-square-inc-512356510
Decisions,(404) 266-9468,No website,3410 W Paces Ferry Ct NWAtlanta; GA 30327,No address,zero,https://www.yellowpages.com/atlanta-ga/mip/decisions-464540780
Cg Staging & Interior Design,(404) 692-4414,No website,3620 Piedmont Rd NE Ste BAtlanta; GA 30305,No address,zero,https://www.yellowpages.com/atlanta-ga/mip/cg-staging-interior-design-550799938
Your Style My Flare,(770) 744-2709,No website,3926 Shirley Dr SWAtlanta; GA 30336,No address,zero,https://www.yellowpages.com/atlanta-ga/mip/your-style-my-flare-483933275
Caudelle Interior Installation,(404) 355-6878,No website,2990 Olympic Industrial Dr SEAtlanta; GA 30339,No address,zero,https://www.yellowpages.com/atlanta-ga/mip/caudelle-interior-installation-504223862
Mcm Design Architecture,(404) 266-2783,No website,3760 Narmore Dr NEAtlanta; GA 30319,No address,zero,https://www.yellowpages.com/atlanta-ga/mip/mcm-design-architecture-27277447
Impact Design Works,(404) 792-3841,No website,5010 Colchester Ct SEAtlanta; GA 30339,No address,zero,https://www.yellowpages.com/atlanta-ga/mip/impact-design-works-504551828
Fuller Designs,(404) 842-1855,No website,2492 Brookhaven Pl NEAtlanta; GA 30319,No address,zero,https://www.yellowpages.com/atlanta-ga/mip/fuller-designs-464258403
Elizabeth F Smith Interiors,(404) 816-1018,No website,926 Winall Down Rd NEAtlanta; GA 30319,No address,zero,https://www.yellowpages.com/atlanta-ga/mip/elizabeth-f-smith-interiors-454070874
Albion Design Associates,(404) 876-4997,No website,AtlAtlanta; GA 30309,No address,zero,https://www.yellowpages.com/atlanta-ga/mip/albion-design-associates-21479494
Expressions,(770) 698-8900,No website,AtlAtlanta; GA 30338,No address,zero,https://www.yellowpages.com/atlanta-ga/mip/expressions-9329176
Beverly Cox Designs,(404) 266-9500,No website,ATL GaAtlanta; GA 30305,No address,zero,https://www.yellowpages.com/atlanta-ga/mip/beverly-cox-designs-1572483
Carter Kay Interiors,(404) 261-8119,http://www.carterkayinteriors.com,318 Broadland Rd NWAtlanta; GA 30342,mailto:carter@carterkayinteriors.com,zero,https://www.yellowpages.com/atlanta-ga/mip/carter-kay-interiors-464549466
Victory Contractors; Inc.,(770) 847-0750,No website,3707 Main St College ParkAtlanta; GA 30337,mailto:victorycontractors4120@gmail.com,No star,https://www.yellowpages.com/atlanta-ga/mip/victory-contractors-inc-475943799
Addington Osborne LTD,(404) 497-9781,No website,4209 Roswell Rd NEAtlanta; GA 30342,No address,zero,https://www.yellowpages.com/atlanta-ga/mip/addington-osborne-ltd-5251792
A Wooten Interiors,(470) 428-3392,No website,4225 N Stratford Rd NEAtlanta; GA 30342,No address,zero,https://www.yellowpages.com/atlanta-ga/mip/a-wooten-interiors-546880981
Nalley Interiors,(770) 433-1611,No website,4000 Keswick Dr SEAtlanta; GA 30339,No address,zero,https://www.yellowpages.com/atlanta-ga/mip/nalley-interiors-27266594
Neil Bennett Interiors,(404) 846-9538,No website,4264 Peachtree Dunwoody Rd NEAtlanta; GA 30342,No address,zero,https://www.yellowpages.com/atlanta-ga/mip/neil-bennett-interiors-464559355
Home Chic Home,(404) 231-1127,No website,2801 Osborne Rd NEAtlanta; GA 30319,No address,zero,https://www.yellowpages.com/atlanta-ga/mip/home-chic-home-464552823
M A Sikes Design Co,(770) 432-2554,No website,2816 Paces Lake Dr SEAtlanta; GA 30339,No address,zero,https://www.yellowpages.com/atlanta-ga/mip/m-a-sikes-design-co-27237746
Kent Interior Design Inc,(404) 929-0424,http://www.kentinteriordesign.com,2240 Heritage Dr NEAtlanta; GA 30345,No address,zero,https://www.yellowpages.com/atlanta-ga/mip/kent-interior-design-inc-493907065
Stan Cathell Interiors,(404) 256-3753,No website,80 W Wieuca Rd NWAtlanta; GA 30342,No address,zero,https://www.yellowpages.com/atlanta-ga/mip/stan-cathell-interiors-19202861
Mike Ross Art Gallery,(662) 292-0717,No website,2151 Cumberland Pkwy SEAtlanta; GA 30339,No address,zero,https://www.yellowpages.com/atlanta-ga/mip/mike-ross-art-gallery-503049044
Mary Mac & Co Inc,(404) 845-0170,No website,305 Meadowbrook Dr NEAtlanta; GA 30342,No address,zero,https://www.yellowpages.com/atlanta-ga/mip/mary-mac-co-inc-13269414
Cosmos Exhibits,(770) 435-7900,No website,2905 Yale Ct SEAtlanta; GA 30339,No address,zero,https://www.yellowpages.com/atlanta-ga/mip/cosmos-exhibits-451176222
Potporri Home Accents & Gifts,(404) 629-5939,No website,3614 Marketplace BlvdAtlanta; GA 30344,No address,zero,https://www.yellowpages.com/atlanta-ga/mip/potporri-home-accents-gifts-6761073
Greyson's Design & Interior Consulting,(404) 349-7113,No website,410 Carriage Gate Trl SWAtlanta; GA 30331,No address,zero,https://www.yellowpages.com/atlanta-ga/mip/greysons-design-interior-consulting-17399693
Keystone Interior Design,(678) 359-2183,No website,2451 Cumberland Pkwy SE Ste 34Atlanta; GA 30339,No address,zero,https://www.yellowpages.com/atlanta-ga/mip/keystone-interior-design-17647176
Lapelle Susan,(404) 705-9695,No website,620 Mount Paran RdAtlanta; GA 30327,mailto:lapeldecor@aol.com,zero,https://www.yellowpages.com/atlanta-ga/mip/lapelle-susan-534570180
Triumph Interiors,(770) 997-1576,http://www.triumphgroup.com,2001 Sullivan RdAtlanta; GA 30337,No address,zero,https://www.yellowpages.com/atlanta-ga/mip/triumph-interiors-469272182
Diane Tanner Interior Design,(404) 261-7590,No website,3033 Lanier Dr NEAtlanta; GA 30319,No address,zero,https://www.yellowpages.com/atlanta-ga/mip/diane-tanner-interior-design-27253407
Candler Interiors,(404) 303-0850,No website,4722 Woodvale DrAtlanta; GA 30327,No address,zero,https://www.yellowpages.com/atlanta-ga/mip/candler-interiors-27275889
Creative Touch Interiors,(770) 852-9000,https://www.hdsupplysolutions.com,3100 Cumberland Blvd SE Ste 1700Atlanta; GA 30339,mailto:ray_beresford@ctihome.com,zero,https://www.yellowpages.com/atlanta-ga/mip/creative-touch-interiors-471836033
Creative Touch Interiors,(404) 349-1373,No website,5320 Fulton Industrial Blvd SWAtlanta; GA 30336,No address,zero,https://www.yellowpages.com/atlanta-ga/mip/creative-touch-interiors-19674366
Levino Jones Medical Interiors,(404) 459-9411,http://www.levinojones.com,5064 Roswell Rd Ste 101cAtlanta; GA 30342,mailto:ajones@levinojones.com,zero,https://www.yellowpages.com/atlanta-ga/mip/levino-jones-medical-interiors-473076825
Complete Interior Restorations,(770) 451-3914,No website,1080 Vijay DrAtlanta; GA 30341,mailto:gsmith549@hotmail.com,zero,https://www.yellowpages.com/atlanta-ga/mip/complete-interior-restorations-1677180
Hayes Interiors,(404) 255-5862,No website,5020 Jett RdAtlanta; GA 30327,No address,zero,https://www.yellowpages.com/atlanta-ga/mip/hayes-interiors-27114612
Artful Interior Design,(404) 459-0187,No website,940 Crest Valley DrAtlanta; GA 30327,No address,zero,https://www.yellowpages.com/atlanta-ga/mip/artful-interior-design-27194556
Caudelle Interior Installation,(404) 355-6878,https://www.caudelle.com,101 Villanova Dr SWAtlanta; GA 30336,mailto:easter@caudelle.com,zero,https://www.yellowpages.com/atlanta-ga/mip/caudelle-interior-installation-460670070
Custom Decorating Staging,(770) 939-6088,No website,4840 Briarcliff Rd NEAtlanta; GA 30345,No address,zero,https://www.yellowpages.com/atlanta-ga/mip/custom-decorating-staging-534330712
Ladonish Interior Design,(404) 783-7206,http://www.focusdesigninteriors.com,3612 Chattahoochee Summit Dr SEAtlanta; GA 30339,mailto:ladonish@gmail.com,zero,https://www.yellowpages.com/atlanta-ga/mip/ladonish-interior-design-483325837
Strayhand Interiors,(404) 629-0044,http://www.sonjastrayhandinteriors.com,5601 Fulton Industrial Blvd SWAtlanta; GA 30336,No address,zero,https://www.yellowpages.com/atlanta-ga/mip/strayhand-interiors-17016737
Decorating Den Interiors,(404) 921-3120,http://decoratingden.com,5180 Barrington Trace Dr SWAtlanta; GA 30331,mailto:kimormsby@decoratingden.com,zero,https://www.yellowpages.com/atlanta-ga/mip/decorating-den-interiors-482877853
Essa Design,(770) 414-8816,No website,2655 Canna Ridge Cir NEAtlanta; GA 30345,No address,zero,https://www.yellowpages.com/atlanta-ga/mip/essa-design-497053372
Ready Interior Designs,(678) 545-1045,No website,1507 Pine DrAtlanta; GA 30349,No address,zero,https://www.yellowpages.com/atlanta-ga/mip/ready-interior-designs-468519153
Moldovan Interior Design,(404) 812-1889,http://moldovaninteriordesign.com,3350 Northlake Pkwy NEAtlanta; GA 30345,No address,zero,https://www.yellowpages.com/atlanta-ga/mip/moldovan-interior-design-475788507
Mary Mac & Company Inc,(404) 845-0170,http://www.marymacandcompany.com,5 Willow Gln NEAtlanta; GA 30342,No address,zero,https://www.yellowpages.com/atlanta-ga/mip/mary-mac-company-inc-461904876
Steinmetz & Associates,(770) 953-0054,http://www.steinmetznet.com,3101 Towercreek Pkwy SEAtlanta; GA 30339,mailto:dnsadmin@afraid.org,zero,https://www.yellowpages.com/atlanta-ga/mip/steinmetz-associates-19603772
Dream Style Designs,(404) 849-3277,No website,1619 Brookstone RdgAtlanta; GA 30349,No address,zero,https://www.yellowpages.com/atlanta-ga/mip/dream-style-designs-477495782
AZ Event Decor Direct,(404) 309-6875,No website,3308 Burke DrAtlanta; GA 30341,No address,No star,https://www.yellowpages.com/atlanta-ga/mip/az-event-decor-direct-502840852
The Lace Designs,(678) 665-8179,No website,210 Interstate North Pkwy SEAtlanta; GA 30339,No address,zero,https://www.yellowpages.com/atlanta-ga/mip/the-lace-designs-525656897
Strictly Custom Interiors,(770) 455-8579,No website,3335 Chamblee Dunwoody RdAtlanta; GA 30341,mailto:strcusint@aol.com,zero,https://www.yellowpages.com/atlanta-ga/mip/strictly-custom-interiors-10969836
V2k,(404) 432-3461,http://www.v2k.com,4105 Welcome All TerAtlanta; GA 30349,No address,zero,https://www.yellowpages.com/atlanta-ga/mip/v2k-473728391
Pavo Interiors,(404) 214-5201,http://peacockpartnership.com,2000 Riveredge PkwyAtlanta; GA 30328,mailto:newsolutions@transoft.com,zero,https://www.yellowpages.com/atlanta-ga/mip/pavo-interiors-17839655
Imaging Design Inc,(770) 952-7171,No website,1300 Parkwood Cir SEAtlanta; GA 30339,mailto:catherineg@imgdsgn.com,zero,https://www.yellowpages.com/atlanta-ga/mip/imaging-design-inc-546292281
Patrick & Johann Design Group,(770) 662-4330,http://thatgroup.com,.Atlanta; GA 30349,mailto:bbrinkmann@playmaker.com,zero,https://www.yellowpages.com/atlanta-ga/mip/patrick-johann-design-group-450918576
Barbara J Irvine Interior Dsgn,(404) 847-0689,No website,515 Mount Vernon HwyAtlanta; GA 30327,No address,zero,https://www.yellowpages.com/atlanta-ga/mip/barbara-j-irvine-interior-dsgn-27222701
Bambii Interior Designs,(404) 767-7141,No website,5883 Summerglen LnAtlanta; GA 30349,No address,zero,https://www.yellowpages.com/atlanta-ga/mip/bambii-interior-designs-451740305
Emissary Trading Company,(770) 986-9000,http://www.emissaryusa.com,3580 Broad StAtlanta; GA 30341,mailto:info@emissaryusa.com,zero,https://www.yellowpages.com/atlanta-ga/mip/emissary-trading-company-15460159
Foliage Design Systems,(770) 451-0885,http://www.foliagedesignatlanta.com,5589 New Peachtree RdAtlanta; GA 30341,No address,zero,https://www.yellowpages.com/atlanta-ga/mip/foliage-design-systems-503862775
Meglio Interiors,(470) 719-9998,No website,5669 New Peachtree RdAtlanta; GA 30341,No address,zero,https://www.yellowpages.com/atlanta-ga/mip/meglio-interiors-530480733
Helen Stokes Time to Design,(404) 995-9964,http://helenajusto.com.br,1943 Chamdun WayAtlanta; GA 30341,No address,zero,https://www.yellowpages.com/atlanta-ga/mip/helen-stokes-time-to-design-7386217
Classic Hammond Interiors,(770) 714-2591,No website,325 Hammond Dr Ste 204Atlanta; GA 30328,No address,zero,https://www.yellowpages.com/atlanta-ga/mip/classic-hammond-interiors-8294145
Planning Interiors; Inc.,(678) 732-3946,http://www.planning-interiors.com,6000 Lake Forrest DrAtlanta; GA 30328,mailto:danderson@planning-interiors.com,zero,https://www.yellowpages.com/atlanta-ga/mip/planning-interiors-inc-503125739
Lovelane,(404) 343-1385,No website,6000 Lake Forrest DrAtlanta; GA 30328,No address,zero,https://www.yellowpages.com/atlanta-ga/mip/lovelane-541927859
Charles Jackson Design Studio,(404) 629-0245,http://jacksoncharles.com,5315 Serenity Ln SWAtlanta; GA 30349,No address,zero,https://www.yellowpages.com/atlanta-ga/mip/charles-jackson-design-studio-483659569
Foliage Design Systems,(770) 451-0885,http://www.foliagedesignatlanta.com,3798 Green Industrial WayAtlanta; GA 30341,mailto:info@foliagedesign.com,zero,https://www.yellowpages.com/atlanta-ga/mip/foliage-design-systems-5349181
Planning Interiors Inc,(470) 545-4906,No website,990 Hammond DrAtlanta; GA 30328,mailto:danderson@planning-interiors.com,zero,https://www.yellowpages.com/atlanta-ga/mip/planning-interiors-inc-481175226
Moose Breath Trading,(770) 458-7210,No website,3844 Green Industrial WayAtlanta; GA 30341,No address,zero,https://www.yellowpages.com/atlanta-ga/mip/moose-breath-trading-714744
Ima Corporate Interiors,(678) 393-1299,No website,1140 Hammond Dr # 210Atlanta; GA 30328,mailto:info@imaci.net,zero,https://www.yellowpages.com/atlanta-ga/mip/ima-corporate-interiors-531714356
Studio Rouge Interiors,(770) 342-8122,http://studiorougeinteriors.m.webs.com/site/mobile?dm_path=/index.htm&fw_sig_session_key=138bf924727c1af6fc3ce72fef281d88fb894db02a3895b3d128721cbf2df2e0-58738635&fw_sig_is_admin=0&fw_sig_partner=webs&fw_sig_site=58738635&fw_sig_tier=1&fw_sig_permissions=none&fw_sig_premium=1&fw_sig_potential_abuse=1&fw_sig_url=http://studiorougeinteriors.webs.com/&fw_sig_access_token=876a2b7b74fab30354403f9288b63b27eb24dfa6&fw_sig_social=1&fw_sig_time=1476256639350&fw_sig_locale=en-US&fw_sig_api_key=522b0eedffc137c934fc7268582d53a1&fw_sig=8d87b9a9f63577b374ba60bcf5496337&fw_sig_permission_level=0&fb_sig_network=fw,3028 Woodwalk Dr SEAtlanta; GA 30339,No address,zero,https://www.yellowpages.com/atlanta-ga/mip/studio-rouge-interiors-480812198
Design Impressions,(404) 252-1616,https://www.design-impressions.com,209 Hilderbrand DrAtlanta; GA 30328,mailto:kpm@design-impressions.com,zero,https://www.yellowpages.com/atlanta-ga/mip/design-impressions-8646157
Trae Interiors,(404) 309-4992,No website,3405 Rivers Call BlvdAtlanta; GA 30339,No address,zero,https://www.yellowpages.com/atlanta-ga/mip/trae-interiors-27220586
Freschi Design,(404) 847-0991,No website,700 Mountain Creek TrceAtlanta; GA 30328,mailto:l_freschi@hotmail.com,zero,https://www.yellowpages.com/atlanta-ga/mip/freschi-design-464328999
Coyle Thompson Interiors Inc,(404) 303-6488,http://www.ctjdesigns.com,6285 Barfield Rd Ste 180Atlanta; GA 30328,mailto:info@ctjdesigns.com,zero,https://www.yellowpages.com/atlanta-ga/mip/coyle-thompson-interiors-inc-483943143
Humble Hamlet,(404) 934-0693,No website,195 Underwood DrAtlanta; GA 30328,mailto:humblehamlet@yahoo.com,zero,https://www.yellowpages.com/atlanta-ga/mip/humble-hamlet-465349602
Hebert Deborah Interior Design Hebert Deborah Interior Design,(404) 252-8271,No website,6391 Glenridge Dr Apt 115Atlanta; GA 30328,No address,zero,https://www.yellowpages.com/atlanta-ga/mip/hebert-deborah-interior-design-hebert-deborah-interior-design-27194919
Room Changers,(770) 846-5555,No website,2211 Abercorn AveAtlanta; GA 30346,No address,zero,https://www.yellowpages.com/atlanta-ga/mip/room-changers-464548812
Black Sheep Interiors,(404) 622-9001,http://www.blacksheepinteriors.com,2144 N Hill PkwyAtlanta; GA 30341,No address,zero,https://www.yellowpages.com/atlanta-ga/mip/black-sheep-interiors-503618024
Kalaa Chakra Interiors,(470) 398-2624,https://www.kcidesign.net/?utm_source=GoogleMyBusiness&utm_medium=Web,60 Perimeter Center Pl NEAtlanta; GA 30346,No address,zero,https://www.yellowpages.com/atlanta-ga/mip/kalaa-chakra-interiors-536583275
Hollywood Designer Smiles,(770) 861-0298,No website,1770 Old Spring House LnAtlanta; GA 30338,No address,zero,https://www.yellowpages.com/atlanta-ga/mip/hollywood-designer-smiles-456874873
Norris Design Studio,(770) 817-4111,No website,115 Perimeter Center Pl NE Ste 820Atlanta; GA 30346,No address,zero,https://www.yellowpages.com/atlanta-ga/mip/norris-design-studio-14130142
Dhl Interiors,(404) 252-7326,No website,6565 Sentry Hill TrlAtlanta; GA 30328,mailto:diane@dhlinteriors.com,zero,https://www.yellowpages.com/atlanta-ga/mip/dhl-interiors-27194915
Suite Interiors,(770) 458-4114,No website,3731 Northcrest Rd Ste 16Atlanta; GA 30340,No address,zero,https://www.yellowpages.com/atlanta-ga/mip/suite-interiors-537091858
Paige Ellis Designs,(404) 257-0394,No website,500 Black Water CvAtlanta; GA 30328,No address,zero,https://www.yellowpages.com/atlanta-ga/mip/paige-ellis-designs-27253962
Magee Decorating,(770) 453-9855,No website,4025 Pleasantdale Rd Ste 310Atlanta; GA 30340,No address,zero,https://www.yellowpages.com/atlanta-ga/mip/magee-decorating-457345978
K 2 J Incorporated,(770) 399-6999,http://www.k2jinc.com,1818 Independence SqAtlanta; GA 30338,mailto:jon@ezavinc.com,zero,https://www.yellowpages.com/atlanta-ga/mip/k-2-j-incorporated-2324207
Bsd Interior Works,(404) 771-8787,No website,3214 Valley Bluff DrAtlanta; GA 30340,No address,zero,https://www.yellowpages.com/atlanta-ga/mip/bsd-interior-works-473308881
Hopkins Interior Design Consultants,(678) 961-7225,No website,5585 Forest Downs CirAtlanta; GA 30349,No address,zero,https://www.yellowpages.com/atlanta-ga/mip/hopkins-interior-design-consultants-531620436
Cole Hopson-Contemporary,(404) 662-2404,http://contemporaryessentials.com,2300 Peachford RdAtlanta; GA 30338,No address,zero,https://www.yellowpages.com/atlanta-ga/mip/cole-hopson-contemporary-506456141
Classic Comments,(770) 671-0642,No website,495 W Spalding DrAtlanta; GA 30328,No address,zero,https://www.yellowpages.com/atlanta-ga/mip/classic-comments-464395229
Laura Thomas-Green Design Group,(678) 520-4664,No website,1400 Nerine CirAtlanta; GA 30338,No address,zero,https://www.yellowpages.com/atlanta-ga/mip/laura-thomas-green-design-group-464223713
Contract Interiors Inc,(770) 892-7969,No website,4800 Cochran RdAtlanta; GA 30349,No address,zero,https://www.yellowpages.com/atlanta-ga/mip/contract-interiors-inc-465757365
Karen Pate Interiors,(404) 964-6164,No website,1217 Village Terrace CtAtlanta; GA 30338,No address,zero,https://www.yellowpages.com/atlanta-ga/mip/karen-pate-interiors-27223933
Outrageous Interiors,(770) 840-8455,https://oiandd.com/pages/locations,4420 Bankers CirAtlanta; GA 30360,No address,zero,https://www.yellowpages.com/atlanta-ga/mip/outrageous-interiors-477489946
Dunwoody Interiors; Inc.,(404) 452-9702,No website,2220 Cherring LnAtlanta; GA 30338,No address,zero,https://www.yellowpages.com/atlanta-ga/mip/dunwoody-interiors-inc-480707148
Essary & Murphy Inc,(404) 609-9091,No website,4870 N Peachtree RdAtlanta; GA 30338,No address,zero,https://www.yellowpages.com/atlanta-ga/mip/essary-murphy-inc-475884066
Hamilton Harris,(404) 723-0253,No website,5047 Mount Vernon WayAtlanta; GA 30338,No address,zero,https://www.yellowpages.com/atlanta-ga/mip/hamilton-harris-475715029
Rickles Linda Interiors,(770) 395-6726,http://www.lindaricklesinteriors.com,32 Westfair CtAtlanta; GA 30328,No address,zero,https://www.yellowpages.com/atlanta-ga/mip/rickles-linda-interiors-414914
Sherry McLoon,(404) 377-6454,No website,122 E Lake DrAtlanta; GA 30340,No address,zero,https://www.yellowpages.com/atlanta-ga/mip/sherry-mcloon-524726533
Linda Rickles Interiors,(770) 395-6726,http://www.lindaricklesinteriors.com,470 Cambridge WayAtlanta; GA 30328,No address,zero,https://www.yellowpages.com/atlanta-ga/mip/linda-rickles-interiors-474034622
Outrageous Interiors,(770) 840-8455,No website,7025 Amwiler Industrial DrAtlanta; GA 30360,No address,zero,https://www.yellowpages.com/atlanta-ga/mip/outrageous-interiors-514272428
Linda Thomas Designs,(770) 457-3579,No website,2120 Brendon DrAtlanta; GA 30338,No address,zero,https://www.yellowpages.com/atlanta-ga/mip/linda-thomas-designs-27290545
H & S Gifts & Interiors,(770) 772-6606,No website,5275 Meadowcreek DrAtlanta; GA 30338,No address,zero,https://www.yellowpages.com/atlanta-ga/mip/h-s-gifts-interiors-464559286
MJM Interiors,(770) 393-9658,No website,5615 Bunky WayAtlanta; GA 30338,No address,zero,https://www.yellowpages.com/atlanta-ga/mip/mjm-interiors-473304549
Lisa R Durthaler Interior Design,(770) 730-9155,No website,7607 Van Eyck WayAtlanta; GA 30350,No address,zero,https://www.yellowpages.com/atlanta-ga/mip/lisa-r-durthaler-interior-design-27241419
Interior Solutions,(770) 390-0555,No website,1303 Treelodge PkwyAtlanta; GA 30350,No address,zero,https://www.yellowpages.com/atlanta-ga/mip/interior-solutions-21829061
Elegant Home Furnishings,(770) 800-7915,No website,2090 Dunwoody Club Dr Ste 10639Atlanta; GA 30350,mailto:eleganteventfurnishings@gmail.com,zero,https://www.yellowpages.com/atlanta-ga/mip/elegant-home-furnishings-516209697
Trends & Blends Interiors,(770) 394-2325,No website,1205 Tynecastle WayAtlanta; GA 30350,No address,zero,https://www.yellowpages.com/atlanta-ga/mip/trends-blends-interiors-27241316
Naomi Manns Interiors,(404) 408-9645,http://www.mann-made.com,1680 Lazy River LnAtlanta; GA 30350,No address,zero,https://www.yellowpages.com/atlanta-ga/mip/naomi-manns-interiors-27286506
Linea Interior Design; Inc.,(770) 650-6528,No website,8540 Hope Mews CtAtlanta; GA 30350,mailto:mgalt@lineainteriors.com,zero,https://www.yellowpages.com/atlanta-ga/mip/linea-interior-design-inc-10891260
Design Fabrique Company,(404) 791-0952,No website,8915 Huntcliff Lake CtAtlanta; GA 30350,No address,zero,https://www.yellowpages.com/atlanta-ga/mip/design-fabrique-company-22096268
May Architecture Interiors,(404) 614-0700,No website,No address,No address,zero,https://www.yellowpages.com/atlanta-ga/mip/may-architecture-interiors-12367986
Studio Lyzon South LLC,(678) 637-5056,No website,No address,mailto:studiolyzonsouthllc@gmail.com,zero,https://www.yellowpages.com/atlanta-ga/mip/studio-lyzon-south-llc-457419556
Staged To Sell,(404) 697-6178,http://www.stagedtosellatlanta.com,No address,mailto:mthiels@me.com,zero,https://www.yellowpages.com/atlanta-ga/mip/staged-to-sell-462031017
WJS Interiors,(404) 281-4003,No website,No address,mailto:willem@wjsinteriors.com,zero,https://www.yellowpages.com/atlanta-ga/mip/wjs-interiors-465240552
Julie Montgomery Interiors,(678) 516-9625,http://juliemontgomeryinteriors.com,No address,No address,zero,https://www.yellowpages.com/atlanta-ga/mip/julie-montgomery-interiors-496044551
New York Interior Design,(404) 468-7899,No website,Atlanta; GA 30303,No address,zero,https://www.yellowpages.com/atlanta-ga/mip/new-york-interior-design-16155973
Casa Bella Interiors,(404) 798-4663,No website,Atlanta; GA 30303,No address,zero,https://www.yellowpages.com/atlanta-ga/mip/casa-bella-interiors-17003912
Solveig Interiors,(404) 819-3544,No website,Atlanta; GA 30312,No address,zero,https://www.yellowpages.com/atlanta-ga/mip/solveig-interiors-19264711
Interior Transformations,(404) 735-8457,No website,Atlanta; GA 30312,No address,zero,https://www.yellowpages.com/atlanta-ga/mip/interior-transformations-21010948
Iman Interiors,(404) 486-3756,No website,Atlanta; GA 30312,No address,zero,https://www.yellowpages.com/atlanta-ga/mip/iman-interiors-27264921
Ann's Touch,(404) 275-9409,No website,Atlanta; GA 30312,No address,zero,https://www.yellowpages.com/atlanta-ga/mip/anns-touch-456512057
Johnson Decorating,(404) 734-7936,No website,Atlanta; GA 30324,No address,zero,https://www.yellowpages.com/atlanta-ga/mip/johnson-decorating-13627984
Joy McLean Interiors,(404) 237-8555,No website,No address,No address,zero,https://www.yellowpages.com/atlanta-ga/mip/joy-mclean-interiors-1030736
Paris Ceramics USA Inc,(404) 949-0294,No website,No address,No address,zero,https://www.yellowpages.com/atlanta-ga/mip/paris-ceramics-usa-inc-13342469
Marcia Tantum Interiors,(404) 843-9680,No website,No address,No address,zero,https://www.yellowpages.com/atlanta-ga/mip/marcia-tantum-interiors-14624491
PCG Interiors,(678) 302-7475,No website,No address,No address,zero,https://www.yellowpages.com/atlanta-ga/mip/pcg-interiors-17080781
Andrea Interiors,(404) 219-9749,https://www.hueinteriorsinc.com/about-hue-interiors-interior-design-studio,No address,No address,zero,https://www.yellowpages.com/atlanta-ga/mip/andrea-interiors-18642165
